Date,AQI
2020-01-01,87.15863695103965
2020-01-02,83.62799262901454
2020-01-03,39.88186159354479
2020-01-04,79.94916715248007
2020-01-05,38.531892907978765
2020-01-06,56.44022007150474
2020-01-07,50.65883613626651
2020-01-08,45.15768318811868
2020-01-09,62.21474842735893
2020-01-10,30.470986703384497
2020-01-11,77.66224047993994
2020-01-12,54.437539274588055
2020-01-13,42.3601669722381
2020-01-14,64.61340146809923
2020-01-15,83.30227825836847
2020-01-16,90.33499713997146
2020-01-17,85.88645865853825
2020-01-18,60.87568943772023
2020-01-19,57.0019361323493
2020-01-20,71.22792532359065
2020-01-21,46.369020602676585
2020-01-22,62.77888520513966
2020-01-23,58.65557310268371
2020-01-24,40.10208116596674
2020-01-25,32.00199424469083
2020-01-26,97.50643147783596
2020-01-27,27.80425902857408
2020-01-28,92.79223859469818
2020-01-29,25.13480475520976
2020-01-30,53.92105997417983
2020-01-31,95.1697345621755
2020-02-01,79.50968518319374
2020-02-02,48.61501316732377
2020-02-03,59.63658989217286
2020-02-04,34.953072147207514
2020-02-05,49.2931433879555
2020-02-06,61.42196757397308
2020-02-07,71.78167863286828
2020-02-08,97.34634715912868
2020-02-09,53.84250661114685
2020-02-10,69.30212844423805
2020-02-11,86.08727083341786
2020-02-12,96.90029352649287
2020-02-13,30.24564317110079
2020-02-14,50.97070965154494
2020-02-15,68.89128922160188
2020-02-16,84.00403256748528
2020-02-17,67.62856998179979
2020-02-18,69.35468103190381
2020-02-19,36.973964080996936
2020-02-20,57.16801560056047
2020-02-21,94.69448663302876
2020-02-22,86.0552496560353
2020-02-23,89.37036118044527
2020-02-24,88.42742152077801
2020-02-25,90.18013617313734
2020-02-26,31.71171990999016
2020-02-27,40.57697888372587
2020-02-28,45.32004687039354
2020-02-29,58.82066579260091
2020-03-01,78.91678853941173
2020-03-02,67.11184151022519
2020-03-03,83.27342971748831
2020-03-04,26.733657338020453
2020-03-05,90.83999418082271
2020-03-06,28.698753674141457
2020-03-07,35.37815181335952
2020-03-08,89.67034463841323
2020-03-09,63.57888896167657
2020-03-10,77.82991727955829
2020-03-11,66.96465597988913
2020-03-12,63.38557430004348
2020-03-13,94.39657624802896
2020-03-14,70.61508635542212
2020-03-15,28.15040957311357
2020-03-16,66.39873213927665
2020-03-17,66.85681049261315
2020-03-18,60.76485830396939
2020-03-19,88.01107419819708
2020-03-20,53.47156716007716
2020-03-21,45.35864198759565
2020-03-22,47.154280275754985
2020-03-23,76.75033418325069
2020-03-24,36.0566283854825
2020-03-25,45.75449498447215
2020-03-26,96.7848174853903
2020-03-27,55.83913825688187
2020-03-28,43.72317022993927
2020-03-29,96.96150816879371
2020-03-30,80.59263558598869
2020-03-31,83.98886264031333
2020-04-01,50.102810744596745
2020-04-02,70.71722217359147
2020-04-03,49.485375186770185
2020-04-04,25.263424317162297
2020-04-05,80.46151936000436
2020-04-06,56.63839047050911
2020-04-07,98.16737264225976
2020-04-08,34.40430600640184
2020-04-09,30.763708176295456
2020-04-10,68.58289046820539
2020-04-11,36.75318801113225
2020-04-12,38.08714179659293
2020-04-13,46.16720438745756
2020-04-14,29.373467631728644
2020-04-15,56.84224518418394
2020-04-16,29.735859564571697
2020-04-17,55.30259454512638
2020-04-18,56.77952899998179
2020-04-19,84.14169974879644
2020-04-20,83.04530377437084
2020-04-21,25.898852052740683
2020-04-22,83.41434012767351
2020-04-23,92.88335744471654
2020-04-24,35.33952681024034
2020-04-25,49.280941961313445
2020-04-26,86.17716986640858
2020-04-27,45.03165384235461
2020-04-28,92.47642869024972
2020-04-29,40.89629350372783
2020-04-30,70.38857879811775
2020-05-01,72.4566312010875
2020-05-02,94.11034808302948
2020-05-03,62.27321615846369
2020-05-04,75.79652485715376
2020-05-05,53.760302244573055
2020-05-06,83.21125233052297
2020-05-07,91.03081454102248
2020-05-08,83.32678042281901
2020-05-09,46.91622020425603
2020-05-10,77.60217709935328
2020-05-11,68.1300761237271
2020-05-12,51.39512285420942
2020-05-13,36.38492605309671
2020-05-14,78.84475861543298
2020-05-15,54.53337942118767
2020-05-16,46.31355382830617
2020-05-17,92.13525856647284
2020-05-18,84.77347152315772
2020-05-19,74.77082501484426
2020-05-20,88.49582710049877
2020-05-21,86.37443116113356
2020-05-22,62.978045661200085
2020-05-23,59.01654513448101
2020-05-24,50.281201593340434
2020-05-25,30.45633382890093
2020-05-26,28.243715709164764
2020-05-27,80.36518000891839
2020-05-28,99.76723638628783
2020-05-29,28.991086289607924
2020-05-30,33.75904251633358
2020-05-31,43.12867610129959
2020-06-01,44.57451483063993
2020-06-02,58.46039500786598
2020-06-03,59.615333644237786
2020-06-04,85.04088223110028
2020-06-05,27.36979430655039
2020-06-06,29.4691629120089
2020-06-07,92.227961010117
2020-06-08,55.70431928036569
2020-06-09,42.94616691948362
2020-06-10,34.8699936903688
2020-06-11,68.26770793205314
2020-06-12,80.86793966974727
2020-06-13,30.529321029143823
2020-06-14,62.10695657067355
2020-06-15,37.22514553697007
2020-06-16,72.00507842782605
2020-06-17,81.13791754174304
2020-06-18,45.875772226414384
2020-06-19,69.98490181413706
2020-06-20,53.095531936164846
2020-06-21,41.619298770755776
2020-06-22,88.37483170352203
2020-06-23,98.70942470756589
2020-06-24,73.19852740280227
2020-06-25,27.33560569370882
2020-06-26,44.1051100538225
2020-06-27,49.32517734992942
2020-06-28,48.53270808888144
2020-06-29,75.50690495198816
2020-06-30,45.2595715668281
2020-07-01,71.13966606015737
2020-07-02,88.21533283248286
2020-07-03,33.48413897536608
2020-07-04,84.87288273359178
2020-07-05,95.59393945421924
2020-07-06,56.335453735397735
2020-07-07,79.61989818268768
2020-07-08,86.7994393198187
2020-07-09,40.84261843733782
2020-07-10,98.31156209488732
2020-07-11,38.15852132585141
2020-07-12,73.41086146164201
2020-07-13,82.54175811368175
2020-07-14,58.54730623028534
2020-07-15,98.58198926511406
2020-07-16,58.22816958494489
2020-07-17,88.86502650890327
2020-07-18,68.48965056540393
2020-07-19,60.54243398019049
2020-07-20,86.38214477310976
2020-07-21,65.37425663393665
2020-07-22,42.7115786149249
2020-07-23,60.97791291199001
2020-07-24,39.848586962228985
2020-07-25,70.04255908762966
2020-07-26,69.92498718220943
2020-07-27,29.13733543895248
2020-07-28,44.5031428411552
2020-07-29,81.87704800629305
2020-07-30,56.70093008204273
2020-07-31,89.3070828837823
2020-08-01,52.833051337718
2020-08-02,94.95152430109408
2020-08-03,54.296139289492544
2020-08-04,87.53298545460791
2020-08-05,61.331569102126224
2020-08-06,91.158651573461
2020-08-07,32.06991625579138
2020-08-08,41.87144158536423
2020-08-09,87.1881363117181
2020-08-10,77.37708744292065
2020-08-11,29.893288570229533
2020-08-12,85.51747168607423
2020-08-13,28.791930587587103
2020-08-14,78.4603469040974
2020-08-15,56.33051840125136
2020-08-16,47.37995116231386
2020-08-17,48.47612947114065
2020-08-18,57.70309415672883
2020-08-19,47.78430234559093
2020-08-20,74.64513221225496
2020-08-21,87.57123569331581
2020-08-22,67.05953588203762
2020-08-23,42.37634145243224
2020-08-24,64.53831086774764
2020-08-25,80.17067043113752
2020-08-26,84.44349508763635
2020-08-27,66.03464672221399
2020-08-28,54.55367659947581
2020-08-29,33.122336339788404
2020-08-30,40.269805062932406
2020-08-31,84.02138647297551
2020-09-01,47.44587044672268
2020-09-02,81.25546254238492
2020-09-03,66.78208264520268
2020-09-04,51.43517397252555
2020-09-05,52.31582043222122
2020-09-06,43.79214145184315
2020-09-07,93.88182833981418
2020-09-08,77.80591902093377
2020-09-09,49.38192234970453
2020-09-10,74.98643995498283
2020-09-11,85.13337733821481
2020-09-12,32.042692784450104
2020-09-13,74.65948430750899
2020-09-14,87.1645830570799
2020-09-15,35.92979049792635
2020-09-16,38.66690071386364
2020-09-17,65.36568741857204
2020-09-18,30.372764674561385
2020-09-19,86.1376398769788
2020-09-20,65.21482631419809
2020-09-21,44.69963890847728
2020-09-22,56.45306507673713
2020-09-23,39.39426470791797
2020-09-24,45.29990698376922
2020-09-25,51.95261849604326
2020-09-26,71.02594883836676
2020-09-27,75.0031456613415
2020-09-28,94.24143007189942
2020-09-29,61.21717400005202
2020-09-30,99.67061646938777
2020-10-01,35.23934385511441
2020-10-02,79.62397381566649
2020-10-03,34.49905320731611
2020-10-04,72.59305591302194
2020-10-05,47.62767159741111
2020-10-06,36.75694730268837
2020-10-07,97.42539459760008
2020-10-08,62.52719213734181
2020-10-09,78.75688113800173
2020-10-10,35.5720248883255
2020-10-11,46.3079303854439
2020-10-12,86.7911733466556
2020-10-13,82.55051704781954
2020-10-14,90.94004215267834
2020-10-15,58.15453127410344
2020-10-16,79.20111225701058
2020-10-17,81.60576693696501
2020-10-18,82.97157412085292
2020-10-19,49.25861483724984
2020-10-20,74.52553841704855
2020-10-21,97.2877565325865
2020-10-22,40.96036682710028
2020-10-23,53.08450950759742
2020-10-24,36.44426886771642
2020-10-25,68.7968427995281
2020-10-26,39.64924971927751
2020-10-27,56.867051784950974
2020-10-28,68.6527435011576
2020-10-29,42.03981979071934
2020-10-30,63.81549299365956
2020-10-31,57.31016419979177
2020-11-01,41.17611739604919
2020-11-02,42.99389308795391
2020-11-03,64.85378849071199
2020-11-04,81.21511555494024
2020-11-05,48.59585285748592
2020-11-06,49.018704178187264
2020-11-07,52.07979618506019
2020-11-08,95.666949943697
2020-11-09,29.671890945960826
2020-11-10,45.71726192764194
2020-11-11,86.50156892066684
2020-11-12,49.837222578423365
2020-11-13,26.52934982681919
2020-11-14,95.26112491995644
2020-11-15,55.29850718527763
2020-11-16,66.0419674217894
2020-11-17,77.53142911413215
2020-11-18,71.59125881855444
2020-11-19,96.28191870984216
2020-11-20,52.619152384309054
2020-11-21,44.08920862014234
2020-11-22,66.49542809073554
2020-11-23,35.381544918228336
2020-11-24,49.324678871161865
2020-11-25,55.281996464502726
2020-11-26,79.20544288869336
2020-11-27,68.7270833876945
2020-11-28,38.09762294414061
2020-11-29,41.475997638680525
2020-11-30,80.06330887218829
2020-12-01,71.10240632265504
2020-12-02,55.113439474662144
2020-12-03,75.95724983121264
2020-12-04,25.69780233683599
2020-12-05,64.89595131411124
2020-12-06,97.56358540951558
2020-12-07,33.081438896847644
2020-12-08,79.0936802684623
2020-12-09,43.46456008494613
2020-12-10,25.66016338960947
2020-12-11,95.45188434945356
2020-12-12,82.20764000001299
2020-12-13,96.36825405993332
2020-12-14,71.63135129951937
2020-12-15,95.53969852940008
2020-12-16,76.41915331041562
2020-12-17,77.94847636787779
2020-12-18,35.27852004416175
2020-12-19,44.50859190673933
2020-12-20,97.6939654502311
2020-12-21,69.03106814097052
2020-12-22,46.40639067002829
2020-12-23,51.1183281852833
2020-12-24,94.7558760396698
2020-12-25,58.42864066539165
2020-12-26,46.03472761702956
2020-12-27,70.8070281453787
2020-12-28,55.5768134068629
2020-12-29,30.59174027134824
2020-12-30,25.41227674382961
2020-12-31,61.3241587339824
2021-01-01,49.95628285797135
2021-01-02,78.91229111845033
2021-01-03,65.77364761470005
2021-01-04,56.191224170073085
2021-01-05,92.66869245448288
2021-01-06,99.17979184097396
2021-01-07,59.940692075877806
2021-01-08,85.2061641625425
2021-01-09,67.9271368074645
2021-01-10,27.12670840236694
2021-01-11,82.06135870759405
2021-01-12,30.283597796463404
2021-01-13,78.5776337713697
2021-01-14,54.6008969682097
2021-01-15,63.80814143378001
2021-01-16,97.53869552085511
2021-01-17,97.66215523727064
2021-01-18,77.14645391316208
2021-01-19,59.71451012459729
2021-01-20,35.9639517842903
2021-01-21,28.361629370854544
2021-01-22,78.14483388312651
2021-01-23,88.61870356118882
2021-01-24,98.41081041801284
2021-01-25,54.85029311817366
2021-01-26,82.81537323299895
2021-01-27,90.83291942525209
2021-01-28,54.24606129534537
2021-01-29,93.06997299708355
2021-01-30,57.4794397410278
2021-01-31,86.67913555338494
2021-02-01,63.74018815034432
2021-02-02,54.62979563308826
2021-02-03,94.10534731894872
2021-02-04,70.73631331062793
2021-02-05,36.44821063748437
2021-02-06,88.10979580104078
2021-02-07,35.520061784817074
2021-02-08,91.468926224859
2021-02-09,62.35198359415366
2021-02-10,99.01272914486496
2021-02-11,55.07809131000573
2021-02-12,27.32646301416932
2021-02-13,52.60328284204945
2021-02-14,97.69122536346067
2021-02-15,86.07815659035725
2021-02-16,73.81099866686023
2021-02-17,99.63704510608936
2021-02-18,33.04674843313436
2021-02-19,54.34042617568908
2021-02-20,37.80626613443426
2021-02-21,74.19889882698666
2021-02-22,33.30673052294606
2021-02-23,33.695662065193446
2021-02-24,65.03399592654472
2021-02-25,58.46732884905076
2021-02-26,59.44451247881739
2021-02-27,54.72459363473955
2021-02-28,48.28390749954369
2021-03-01,78.97854106228289
2021-03-02,60.54825079652201
2021-03-03,67.29284681062268
2021-03-04,32.44594354826126
2021-03-05,31.935177080448
2021-03-06,75.36159829634857
2021-03-07,31.88078297810896
2021-03-08,62.59388862590709
2021-03-09,30.909011008170243
2021-03-10,99.4174946379554
2021-03-11,31.22192443406712
2021-03-12,46.28443184493091
2021-03-13,26.344117398676875
2021-03-14,68.25403612369475
2021-03-15,30.02215749831761
2021-03-16,37.69905345118407
2021-03-17,35.57184439454198
2021-03-18,38.132112587224526
2021-03-19,30.60426283002964
2021-03-20,51.064603219875
2021-03-21,27.90065053514676
2021-03-22,45.76459791898418
2021-03-23,67.20605633801381
2021-03-24,78.86114313488054
2021-03-25,62.6282435990527
2021-03-26,32.925129498622425
2021-03-27,34.9451165821041
2021-03-28,29.46173153639068
2021-03-29,87.12645950103547
2021-03-30,97.2893104172725
2021-03-31,60.97672604314575
2021-04-01,39.74773772805448
2021-04-02,34.26798173549878
2021-04-03,32.90104072237803
2021-04-04,43.08082265506236
2021-04-05,76.13452233221138
2021-04-06,47.170011747829456
2021-04-07,30.741683336568645
2021-04-08,71.34690472921127
2021-04-09,55.532564560510416
2021-04-10,29.766748863779327
2021-04-11,37.20436220321678
2021-04-12,44.39113796258897
2021-04-13,36.76641001426937
2021-04-14,53.87772142848185
2021-04-15,33.10220335376603
2021-04-16,66.5996901222683
2021-04-17,48.87316944252056
2021-04-18,74.22418185749609
2021-04-19,33.12741551655444
2021-04-20,41.96356575185952
2021-04-21,64.71632722670171
2021-04-22,96.30783402938069
2021-04-23,62.8231990774218
2021-04-24,69.15628768367446
2021-04-25,28.426285971969484
2021-04-26,82.99839632373454
2021-04-27,41.14397088162353
2021-04-28,25.277795439652344
2021-04-29,95.27312495086872
2021-04-30,57.62878638469589
2021-05-01,94.01351053856408
2021-05-02,30.73478116671637
2021-05-03,25.386628613494324
2021-05-04,98.82671461897267
2021-05-05,53.67243114017028
2021-05-06,53.11837994813256
2021-05-07,57.12685125346632
2021-05-08,52.51307074794771
2021-05-09,86.26744619184043
2021-05-10,26.09494911164684
2021-05-11,61.549675878170206
2021-05-12,43.91232593251765
2021-05-13,86.97200550305223
2021-05-14,87.10699723431
2021-05-15,94.23452288188976
2021-05-16,80.17144557913086
2021-05-17,45.65039272622367
2021-05-18,51.6935787643916
2021-05-19,72.99676587267975
2021-05-20,56.84229486216246
2021-05-21,46.470306791336185
2021-05-22,42.04103494657762
2021-05-23,34.61646798668216
2021-05-24,54.16153953921386
2021-05-25,95.1045205998715
2021-05-26,29.00476444695838
2021-05-27,92.10793157478672
2021-05-28,41.589103868759295
2021-05-29,33.10330383375548
2021-05-30,32.78312622452037
2021-05-31,43.46103577700405
2021-06-01,25.59903169213745
2021-06-02,57.47845437742526
2021-06-03,76.74269838106488
2021-06-04,48.07812229243537
2021-06-05,50.02006329227287
2021-06-06,56.49045022873658
2021-06-07,27.45924411841543
2021-06-08,85.33028663580569
2021-06-09,71.87895255892585
2021-06-10,34.458016886582904
2021-06-11,43.4876875201423
2021-06-12,47.3606831678858
2021-06-13,92.50644256714602
2021-06-14,95.48812556111211
2021-06-15,30.818083300543226
2021-06-16,97.48055493913304
2021-06-17,51.70681338227776
2021-06-18,41.573532987394906
2021-06-19,40.49106430249834
2021-06-20,49.53153360530339
2021-06-21,86.99580073673883
2021-06-22,60.65242863724498
2021-06-23,61.81985647916272
2021-06-24,40.18514220598339
2021-06-25,62.12809885551929
2021-06-26,43.013542945965256
2021-06-27,93.61494182962944
2021-06-28,74.32405235949646
2021-06-29,80.37552028557643
2021-06-30,77.56335374877415
2021-07-01,30.3072732132657
2021-07-02,70.22438318477549
2021-07-03,27.184708967392464
2021-07-04,40.03992166796318
2021-07-05,26.752252772490568
2021-07-06,52.01984529996403
2021-07-07,86.61619471291294
2021-07-08,34.11724946942247
2021-07-09,76.59179485408634
2021-07-10,88.62416199694368
2021-07-11,56.07643484116978
2021-07-12,94.97562300681574
2021-07-13,42.4412201220225
2021-07-14,28.70056371401337
2021-07-15,88.54009239278014
2021-07-16,59.078315017323206
2021-07-17,49.067692170932034
2021-07-18,43.09694381214916
2021-07-19,84.03048267711102
2021-07-20,75.06540411586646
2021-07-21,79.64398248751769
2021-07-22,45.94081153422643
2021-07-23,59.708161590349285
2021-07-24,92.61993999325794
2021-07-25,44.92779927245441
2021-07-26,28.893520873709512
2021-07-27,31.55150815565618
2021-07-28,47.920057161187486
2021-07-29,50.09380909526317
2021-07-30,34.80977760884166
2021-07-31,26.280672491533835
2021-08-01,47.06430952935292
2021-08-02,79.59855448742272
2021-08-03,62.916210451735004
2021-08-04,64.47119380248333
2021-08-05,96.5130421469286
2021-08-06,61.801407996746086
2021-08-07,84.37977662209427
2021-08-08,38.72147774497311
2021-08-09,77.8330071165991
2021-08-10,63.92697850100769
2021-08-11,35.45845558187162
2021-08-12,36.434554132964905
2021-08-13,96.56848721793293
2021-08-14,88.42469381733495
2021-08-15,97.68874575655776
2021-08-16,93.25896335981692
2021-08-17,75.39336788375871
2021-08-18,76.28101400502264
2021-08-19,41.75451505098287
2021-08-20,46.41360551084875
2021-08-21,27.06530891885072
2021-08-22,61.92939193231627
2021-08-23,87.56958327741978
2021-08-24,68.16476018886547
2021-08-25,48.01565881302646
2021-08-26,46.51115382235641
2021-08-27,62.17314285450508
2021-08-28,98.80245584722311
2021-08-29,96.37672548968246
2021-08-30,92.77383156599836
2021-08-31,55.02702695831502
2021-09-01,52.831561264482914
2021-09-02,28.16950201258686
2021-09-03,97.27596773228952
2021-09-04,76.91620457259206
2021-09-05,90.99218602522248
2021-09-06,68.19483461090806
2021-09-07,97.04436675504128
2021-09-08,50.569006593987154
2021-09-09,37.39647638578548
2021-09-10,62.453176718679366
2021-09-11,91.63173922818676
2021-09-12,44.23565075328061
2021-09-13,75.04464370799693
2021-09-14,46.01506849644004
2021-09-15,95.01674021913168
2021-09-16,27.22062500447194
2021-09-17,96.43715046799974
2021-09-18,74.95055072088893
2021-09-19,32.59649946429367
2021-09-20,66.63509939641142
2021-09-21,68.99562144509555
2021-09-22,85.77695664138088
2021-09-23,28.159901881633743
2021-09-24,69.56526438845987
2021-09-25,94.50568954066816
2021-09-26,84.66517195305727
2021-09-27,91.1390042708845
2021-09-28,77.55451624237364
2021-09-29,43.08992848920899
2021-09-30,99.92684039316212
2021-10-01,65.15488879165056
2021-10-02,46.737029387104826
2021-10-03,25.2852192572049
2021-10-04,89.74353541515336
2021-10-05,70.58984481251389
2021-10-06,58.23356373453016
2021-10-07,53.26775239600509
2021-10-08,94.468803161078
2021-10-09,31.21253872209006
2021-10-10,78.96551741335988
2021-10-11,42.44088534499795
2021-10-12,86.67618092472391
2021-10-13,62.88173848324638
2021-10-14,69.23467636036287
2021-10-15,41.14257341374008
2021-10-16,78.65318533096811
2021-10-17,38.8920337793864
2021-10-18,51.52246428898403
2021-10-19,49.6921209590811
2021-10-20,55.3419304582656
2021-10-21,53.20903604972494
2021-10-22,34.75928184778407
2021-10-23,50.998178712081504
2021-10-24,53.97580132614349
2021-10-25,52.410517367311286
2021-10-26,90.12214342814312
2021-10-27,33.279040783064524
2021-10-28,96.56149579518008
2021-10-29,88.186937431175
2021-10-30,77.87667640964804
2021-10-31,38.57690546098663
2021-11-01,54.347324789514914
2021-11-02,70.98844044688116
2021-11-03,83.41896159684539
2021-11-04,30.154737113914308
2021-11-05,80.68790879033159
2021-11-06,33.1683064847467
2021-11-07,83.10789787898696
2021-11-08,27.42098515469508
2021-11-09,42.58352135490564
2021-11-10,98.7748263348108
2021-11-11,98.88127369027102
2021-11-12,95.0712125327658
2021-11-13,92.933144416549
2021-11-14,69.03142351686144
2021-11-15,27.79725522874428
2021-11-16,27.84533499355105
2021-11-17,40.02233645261177
2021-11-18,90.70019643571828
2021-11-19,25.73176405622395
2021-11-20,25.529318432026702
2021-11-21,29.31879473933397
2021-11-22,49.65305435412307
2021-11-23,33.47394964720943
2021-11-24,50.86512036550718
2021-11-25,91.53216985147908
2021-11-26,55.33155145706112
2021-11-27,61.12179845341026
2021-11-28,66.68033025697223
2021-11-29,81.33065809786181
2021-11-30,87.21192301864659
2021-12-01,83.38721891793251
2021-12-02,86.64507505023937
2021-12-03,50.68293831090317
2021-12-04,97.61171702178969
2021-12-05,78.92606426468515
2021-12-06,43.63965346314463
2021-12-07,88.93817303825813
2021-12-08,29.340198229467145
2021-12-09,51.65082475737283
2021-12-10,56.40486547165423
2021-12-11,72.00161739164314
2021-12-12,49.73841546018052
2021-12-13,83.06377999598675
2021-12-14,36.579145568123046
2021-12-15,71.29655952415793
2021-12-16,81.89789571377926
2021-12-17,83.53418051817869
2021-12-18,58.599973570971706
2021-12-19,84.41091678590823
2021-12-20,90.93309842456183
2021-12-21,64.15825699474432
2021-12-22,87.94472353264422
2021-12-23,26.01580216210592
2021-12-24,40.179466212353375
2021-12-25,40.44443570418596
2021-12-26,69.47834201483387
2021-12-27,69.79522562705884
2021-12-28,45.33138270977918
2021-12-29,70.74552603668243
2021-12-30,26.448087812634068
2021-12-31,60.82347856113884
2022-01-01,74.01523386277222
2022-01-02,95.71673772265612
2022-01-03,44.652056341314605
2022-01-04,96.29930828723688
2022-01-05,28.597399061773285
2022-01-06,40.37370203003758
2022-01-07,60.98917705497234
2022-01-08,73.29506702159343
2022-01-09,63.82872416386182
2022-01-10,41.27308150305296
2022-01-11,41.53690247642574
2022-01-12,49.96343619217804
2022-01-13,97.7839137745015
2022-01-14,51.26376954949309
2022-01-15,35.90553899822932
2022-01-16,48.70470220377008
2022-01-17,77.64219150149478
2022-01-18,66.5672134456554
2022-01-19,28.6877278470539
2022-01-20,69.95295091067135
2022-01-21,37.63936718938885
2022-01-22,91.55004645790014
2022-01-23,83.59705941382869
2022-01-24,28.69329055802849
2022-01-25,45.18086001753512
2022-01-26,91.08912392761944
2022-01-27,37.62289643292714
2022-01-28,44.84953076178218
2022-01-29,68.29491686064713
2022-01-30,32.009405213657544
2022-01-31,79.7424741853871
2022-02-01,96.35644502745784
2022-02-02,41.78476580439721
2022-02-03,79.79882396908306
2022-02-04,69.36101947689147
2022-02-05,41.1152819996601
2022-02-06,81.97985008412127
2022-02-07,32.89803194240496
2022-02-08,99.0296224902802
2022-02-09,87.50936276496219
2022-02-10,81.64246966533246
2022-02-11,96.58798386227213
2022-02-12,99.81658391367424
2022-02-13,86.5001548398134
2022-02-14,48.3125257562409
2022-02-15,66.30795838542255
2022-02-16,72.50171818679766
2022-02-17,59.96239367945919
2022-02-18,38.436202667360746
2022-02-19,37.02831164580766
2022-02-20,96.43438656814436
2022-02-21,92.10293577130383
2022-02-22,25.811056515730805
2022-02-23,41.99387397620943
2022-02-24,81.8754358096846
2022-02-25,97.62043950024864
2022-02-26,87.45883623257876
2022-02-27,82.31639523314996
2022-02-28,63.96733168078608
2022-03-01,73.25278980883937
2022-03-02,43.52658617790021
2022-03-03,49.46894414769127
2022-03-04,33.20848211479999
2022-03-05,83.96644725168684
2022-03-06,79.9230036618397
2022-03-07,72.5595198167834
2022-03-08,88.01591074932061
2022-03-09,41.66776414785893
2022-03-10,71.37793661452622
2022-03-11,78.83212385846093
2022-03-12,44.82023215207028
2022-03-13,86.76146333975026
2022-03-14,55.56516723563233
2022-03-15,46.86488699498108
2022-03-16,34.3885005450156
2022-03-17,52.34083626596883
2022-03-18,73.5673030733445
2022-03-19,38.52365742700277
2022-03-20,67.57026741554033
2022-03-21,76.24967746247852
2022-03-22,75.20031662865551
2022-03-23,51.68683410274655
2022-03-24,72.022025375677
2022-03-25,58.62521595414993
2022-03-26,94.90636386237315
2022-03-27,90.0042925253953
2022-03-28,69.55139657982147
2022-03-29,64.96162742604159
2022-03-30,81.45407149148292
2022-03-31,99.64132379529816
2022-04-01,49.12971117126673
2022-04-02,45.348261744306456
2022-04-03,47.16950895904977
2022-04-04,95.98502614550422
2022-04-05,77.70288938860955
2022-04-06,29.3181751132104
2022-04-07,98.8573424407532
2022-04-08,43.5146864901991
2022-04-09,46.2803793677988
2022-04-10,88.29708944529649
2022-04-11,64.61206733390566
2022-04-12,26.70969517977008
2022-04-13,43.79403915718532
2022-04-14,53.0362105460029
2022-04-15,71.44811435892014
2022-04-16,92.1078900089936
2022-04-17,58.06071100132765
2022-04-18,93.02880846858288
2022-04-19,89.23374500707493
2022-04-20,77.91160317062081
2022-04-21,78.63002512702045
2022-04-22,31.67421653828477
2022-04-23,41.358524807480094
2022-04-24,33.82552216797423
2022-04-25,30.858723196318365
2022-04-26,62.16404294858988
2022-04-27,73.01294757437067
2022-04-28,66.70557095143286
2022-04-29,50.504198661653206
2022-04-30,91.574903531658
2022-05-01,83.37392805594787
2022-05-02,26.15433569111066
2022-05-03,41.93135170723633
2022-05-04,41.63939867228896
2022-05-05,34.954665414045536
2022-05-06,48.20592887649022
2022-05-07,39.50426142916423
2022-05-08,65.35326682241428
2022-05-09,98.60689608730608
2022-05-10,88.01129098134682
2022-05-11,67.1257778042297
2022-05-12,48.48756499676796
2022-05-13,73.58029325333193
2022-05-14,26.992100317337663
2022-05-15,94.6789749458905
2022-05-16,38.19671757656258
2022-05-17,76.44580411525956
2022-05-18,26.89461423242889
2022-05-19,26.115080726111973
2022-05-20,41.623274735736125
2022-05-21,26.800555394547487
2022-05-22,66.5797732209799
2022-05-23,96.0291022235206
2022-05-24,54.668778353038206
2022-05-25,80.06983681769653
2022-05-26,37.43824957095814
2022-05-27,38.95067823116997
2022-05-28,87.67409921834461
2022-05-29,63.93315837871141
2022-05-30,41.09936186268477
2022-05-31,25.022331840426023
2022-06-01,87.58970754569542
2022-06-02,93.5599615992509
2022-06-03,38.32746405991341
2022-06-04,72.01146084419096
2022-06-05,86.34987137379005
2022-06-06,91.57753107792291
2022-06-07,92.8539820683448
2022-06-08,74.29819852281402
2022-06-09,37.82818144745875
2022-06-10,79.32042623265093
2022-06-11,56.72143791961805
2022-06-12,32.56096174513059
2022-06-13,86.29117547078906
2022-06-14,32.543041144787736
2022-06-15,57.49344908850232
2022-06-16,71.65857680956167
2022-06-17,77.80031147339155
2022-06-18,52.26149400645643
2022-06-19,71.82998806121182
2022-06-20,82.42740323323471
2022-06-21,70.81261006280107
2022-06-22,38.43740870992169
2022-06-23,50.364161132937895
2022-06-24,59.54655357399059
2022-06-25,85.31736805511636
2022-06-26,94.37605715460056
2022-06-27,67.29515312936738
2022-06-28,62.869571757041946
2022-06-29,28.11340658069921
2022-06-30,37.32665388762789
2022-07-01,39.5218878672654
2022-07-02,97.59209865809284
2022-07-03,98.67448165042067
2022-07-04,66.38371655288569
2022-07-05,73.06654057879271
2022-07-06,49.343148097943086
2022-07-07,58.64550279868592
2022-07-08,43.09434600079758
2022-07-09,46.20025867608448
2022-07-10,91.013711532025
2022-07-11,87.57466342838939
2022-07-12,29.88103939143987
2022-07-13,50.04847252520519
2022-07-14,54.21296462065325
2022-07-15,80.09357479496362
2022-07-16,63.34127725379838
2022-07-17,65.51688545629796
2022-07-18,53.85031106953918
2022-07-19,63.11138320368208
2022-07-20,27.21649051854761
2022-07-21,78.83326946762197
2022-07-22,50.01598645465191
2022-07-23,77.2005542013816
2022-07-24,62.958715183475256
2022-07-25,56.489463119432486
2022-07-26,76.15193757087889
2022-07-27,37.9314761442448
2022-07-28,97.4641709520848
2022-07-29,31.51947162125846
2022-07-30,81.41081091399553
2022-07-31,52.64327052187012
2022-08-01,63.79907962053885
2022-08-02,66.18993951450612
2022-08-03,29.29571203304597
2022-08-04,27.35353094960336
2022-08-05,77.77555214948883
2022-08-06,52.77605478106657
2022-08-07,70.53825299741176
2022-08-08,40.32068514054284
2022-08-09,45.38432889152843
2022-08-10,76.44738073337241
2022-08-11,75.60375949009457
2022-08-12,94.90213046757349
2022-08-13,49.247791484369
2022-08-14,60.25253710137172
2022-08-15,98.59968665337828
2022-08-16,31.995685916892548
2022-08-17,91.64305770579912
2022-08-18,51.2400956966756
2022-08-19,99.97166014521072
2022-08-20,59.13061347062966
2022-08-21,76.44961134165965
2022-08-22,99.40097007828074
2022-08-23,26.29329233803635
2022-08-24,60.30313667096959
2022-08-25,72.57328187586992
2022-08-26,60.197537069854455
2022-08-27,94.0811117100825
2022-08-28,95.75562263829606
2022-08-29,39.123010721495305
2022-08-30,35.561835342420665
2022-08-31,42.076306828899774
2022-09-01,72.22917444731867
2022-09-02,26.514559498519134
2022-09-03,31.599875881449144
2022-09-04,42.43249064894951
2022-09-05,90.83059461353776
2022-09-06,32.89555320713772
2022-09-07,71.98266686066526
2022-09-08,65.33380228255174
2022-09-09,69.11783030237018
2022-09-10,78.99497727269996
2022-09-11,95.04828302553796
2022-09-12,60.156917314402925
2022-09-13,37.03325819717292
2022-09-14,64.94166914111025
2022-09-15,50.15027309209909
2022-09-16,95.40487500241088
2022-09-17,88.74326756053978
2022-09-18,30.32922115504905
2022-09-19,72.49024263608914
2022-09-20,52.144923424800965
2022-09-21,63.45595897670605
2022-09-22,38.89601062071034
2022-09-23,87.7770753673361
2022-09-24,58.02240732498581
2022-09-25,73.03962123217488
2022-09-26,54.03312519670598
2022-09-27,66.63630957633272
2022-09-28,38.55145576815422
2022-09-29,51.77227261605006
2022-09-30,47.8410894152315
2022-10-01,69.14747801409206
2022-10-02,82.72762822457094
2022-10-03,35.875817087751194
2022-10-04,53.75805169905965
2022-10-05,79.26764587262926
2022-10-06,52.42092800077465
2022-10-07,79.32587306879589
2022-10-08,94.51075752201228
2022-10-09,89.5718969459111
2022-10-10,57.53431313617943
2022-10-11,40.51194011650074
2022-10-12,86.26672052999743
2022-10-13,46.80469690248294
2022-10-14,54.66887726710472
2022-10-15,59.01782979485523
2022-10-16,93.61441980615672
2022-10-17,93.739746198845
2022-10-18,71.71426852520054
2022-10-19,91.7951056019428
2022-10-20,65.37354886813284
2022-10-21,45.33975876109601
2022-10-22,51.26278664676016
2022-10-23,68.51769907752329
2022-10-24,28.473003272173987
2022-10-25,95.55241046105472
2022-10-26,45.5313581393412
2022-10-27,71.15378157179002
2022-10-28,59.27148573922197
2022-10-29,38.98697280174234
2022-10-30,50.4819173672802
2022-10-31,66.01550230135844
2022-11-01,43.90106308686687
2022-11-02,43.49822620507023
2022-11-03,53.231214355354346
2022-11-04,60.60691182203761
2022-11-05,82.92565348872026
2022-11-06,27.58083190772433
2022-11-07,81.12597542778667
2022-11-08,35.694169542997585
2022-11-09,45.4611172993134
2022-11-10,83.32684233001078
2022-11-11,88.30500210963586
2022-11-12,55.001870626738935
2022-11-13,58.96635807681835
2022-11-14,74.94399961367635
2022-11-15,59.07306065063259
2022-11-16,36.19874375784895
2022-11-17,56.99608289558077
2022-11-18,66.36427347105834
2022-11-19,77.64541838998485
2022-11-20,86.35535302030696
2022-11-21,60.2499563563515
2022-11-22,94.44894765278784
2022-11-23,84.78903841022677
2022-11-24,60.15173369895679
2022-11-25,36.11598225409497
2022-11-26,30.86835211674614
2022-11-27,78.84129123976945
2022-11-28,80.16669606822484
2022-11-29,64.28177058975064
2022-11-30,45.5459863400537
2022-12-01,48.60692711300357
2022-12-02,65.15224701357639
2022-12-03,44.731679407189816
2022-12-04,68.40888810291666
2022-12-05,89.37063178291726
2022-12-06,80.38473383976715
2022-12-07,69.57140936740983
2022-12-08,62.52947790565163
2022-12-09,51.721871882862544
2022-12-10,89.68750744860785
2022-12-11,63.56866293020045
2022-12-12,79.92848571277047
2022-12-13,34.451361570836
2022-12-14,77.34682411728119
2022-12-15,47.4339162547517
2022-12-16,85.24224568644696
2022-12-17,90.08807543783566
2022-12-18,76.15305896178386
2022-12-19,35.39320602916989
2022-12-20,41.471847451825326
2022-12-21,72.28089720142081
2022-12-22,88.34544991672283
2022-12-23,78.10073598264813
2022-12-24,34.846648270863554
2022-12-25,87.75944041926815
2022-12-26,51.4172049338296
2022-12-27,57.021191543406935
2022-12-28,47.41581428702721
2022-12-29,43.01994840267976
2022-12-30,37.91517822976982
2022-12-31,49.71061893919713
2023-01-01,64.92844580596346
2023-01-02,56.442710700533965
2023-01-03,39.37944575992962
2023-01-04,31.917577494614395
2023-01-05,79.9946039709751
2023-01-06,80.62147166904317
2023-01-07,93.91587551552496
2023-01-08,55.683125838713096
2023-01-09,99.11319829358796
2023-01-10,73.98085231774309
2023-01-11,58.40828225486372
2023-01-12,25.77671122992615
2023-01-13,76.4073167929161
2023-01-14,86.98904127933837
2023-01-15,89.47071260442762
2023-01-16,61.86468523284428
2023-01-17,49.609657913423646
2023-01-18,86.7364382109819
2023-01-19,71.02533296544341
2023-01-20,71.75776848869121
2023-01-21,57.60254614834448
2023-01-22,78.91724291898629
2023-01-23,77.02952528687584
2023-01-24,95.54262351957904
2023-01-25,37.56242017054457
2023-01-26,25.24957489108427
2023-01-27,30.948421037470577
2023-01-28,78.96377155028847
2023-01-29,87.1217692958071
2023-01-30,85.90600848518173
2023-01-31,81.10584621650189
2023-02-01,96.41014579569692
2023-02-02,48.61342776248405
2023-02-03,80.10148229274179
2023-02-04,46.50483353473429
2023-02-05,73.2042836724757
2023-02-06,61.87836553239028
2023-02-07,42.129218165770894
2023-02-08,89.71716808923266
2023-02-09,57.04068098558312
2023-02-10,95.74824110798788
2023-02-11,81.34904487837127
2023-02-12,98.34287186982128
2023-02-13,98.70552596803044
2023-02-14,93.98464176076972
2023-02-15,41.24585116451978
2023-02-16,38.839458047968606
2023-02-17,46.90594805889717
2023-02-18,33.16924374117949
2023-02-19,72.38879969218021
2023-02-20,43.77116733674198
2023-02-21,53.1358842727656
2023-02-22,30.43342257903293
2023-02-23,93.36384749105572
2023-02-24,32.01635057318664
2023-02-25,64.42550855953016
2023-02-26,65.05552636612329
2023-02-27,73.16915355120902
2023-02-28,78.01093651633408
2023-03-01,98.30644538180884
2023-03-02,89.49065295306562
2023-03-03,97.52286902795753
2023-03-04,79.07808784965843
2023-03-05,88.74588996590221
2023-03-06,77.4886519175148
2023-03-07,54.65716689317177
2023-03-08,29.11988962614927
2023-03-09,77.42644829617359
2023-03-10,48.00836266745346
2023-03-11,56.67311674354689
2023-03-12,63.977460533487616
2023-03-13,47.15928070251392
2023-03-14,65.4427460063841
2023-03-15,74.51467506340771
2023-03-16,86.72119807906418
2023-03-17,27.811886862591827
2023-03-18,87.094627108534
2023-03-19,79.80516419918648
2023-03-20,82.69010016036246
2023-03-21,37.30682811067373
2023-03-22,88.47859980942397
2023-03-23,60.73621685269607
2023-03-24,57.28280114789728
2023-03-25,96.35315396695005
2023-03-26,65.95656837765176
2023-03-27,33.91598698673152
2023-03-28,88.20103961344762
2023-03-29,38.75388437855575
2023-03-30,74.86619487064453
2023-03-31,46.72856336419613
2023-04-01,69.49422401448676
2023-04-02,70.71544308520583
2023-04-03,91.27539698788551
2023-04-04,86.05775101560553
2023-04-05,29.521694391345484
2023-04-06,89.14218995773615
2023-04-07,84.26459882049394
2023-04-08,37.925047876717954
2023-04-09,77.4535676663667
2023-04-10,79.76361717639
2023-04-11,37.72262589742617
2023-04-12,48.739863228854304
2023-04-13,42.33433746758736
2023-04-14,39.930456571074025
2023-04-15,80.55579950879539
2023-04-16,65.84699245964572
2023-04-17,79.82480780294165
2023-04-18,42.70968236739526
2023-04-19,63.551793357946806
2023-04-20,36.14483571558573
2023-04-21,46.69695965239136
2023-04-22,67.1227161315656
2023-04-23,46.23396220036729
2023-04-24,27.02083301135334
2023-04-25,90.55943238322956
2023-04-26,81.03132036087462
2023-04-27,36.14538876597274
2023-04-28,87.68071621772259
2023-04-29,86.56071717961382
2023-04-30,97.7586903606731
2023-05-01,82.17785725446242
2023-05-02,98.57860066515016
2023-05-03,78.54952166984779
2023-05-04,55.85606898299535
2023-05-05,88.0074057023047
2023-05-06,41.11938993943677
2023-05-07,98.23183493457664
2023-05-08,39.73924185397712
2023-05-09,40.19469635059215
2023-05-10,54.767361729222856
2023-05-11,58.030392028146615
2023-05-12,79.6090314875052
2023-05-13,94.72273811251192
2023-05-14,35.664308946822075
2023-05-15,88.50618043333361
2023-05-16,64.4494045328307
2023-05-17,65.12624390821307
2023-05-18,98.10043334457308
2023-05-19,99.42776618563094
2023-05-20,74.30239594061061
2023-05-21,97.77962635811332
2023-05-22,85.32596704567104
2023-05-23,80.6570542975276
2023-05-24,95.81563196530438
2023-05-25,46.74487731705318
2023-05-26,84.32260077700204
2023-05-27,44.93350658383251
2023-05-28,95.67734646590826
2023-05-29,26.792684883484483
2023-05-30,73.43776683980624
2023-05-31,25.36472354025931
2023-06-01,59.52056658237225
2023-06-02,43.886478704721405
2023-06-03,61.129409461346135
2023-06-04,25.90399008110916
2023-06-05,36.2572040568632
2023-06-06,84.10769228174361
2023-06-07,68.61741398753279
2023-06-08,60.5494574244278
2023-06-09,28.84575478380948
2023-06-10,70.73031706703256
2023-06-11,83.03340166781555
2023-06-12,55.07216908879389
2023-06-13,30.74111457820789
2023-06-14,30.289672029673497
2023-06-15,86.18856312088083
2023-06-16,26.393801945299984
2023-06-17,31.477016557625788
2023-06-18,51.67280698828185
2023-06-19,92.97512954437435
2023-06-20,90.94510004207469
2023-06-21,59.87218420384945
2023-06-22,56.03464590624799
2023-06-23,99.35328968797164
2023-06-24,55.6218607160601
2023-06-25,60.29914176288578
2023-06-26,39.597162747515576
2023-06-27,66.83984997361867
2023-06-28,88.99166283084287
2023-06-29,90.1378341879566
2023-06-30,45.02258603894859
2023-07-01,97.93673943909096
2023-07-02,72.85423056218605
2023-07-03,32.90836195718005
2023-07-04,91.72279559352536
2023-07-05,47.04679467786706
2023-07-06,90.30685665995908
2023-07-07,91.36811203662904
2023-07-08,42.6012244319857
2023-07-09,77.99491442522849
2023-07-10,40.41743511015046
2023-07-11,85.62653941045457
2023-07-12,68.01138653336682
2023-07-13,44.09424267842304
2023-07-14,61.81098161066711
2023-07-15,59.305144680419644
2023-07-16,44.41057297258999
2023-07-17,87.1202731618621
2023-07-18,77.35351618795539
2023-07-19,94.05860828964288
2023-07-20,35.181860015578664
2023-07-21,64.29678868058517
2023-07-22,87.42575990008903
2023-07-23,65.73617760581418
2023-07-24,81.81000038141072
2023-07-25,91.68754044318914
2023-07-26,60.974388467125365
2023-07-27,92.14931939851589
2023-07-28,86.47260613793469
2023-07-29,76.99809818581835
2023-07-30,48.24336355160891
2023-07-31,84.67369195758464
2023-08-01,98.13662136270784
2023-08-02,58.105422027459255
2023-08-03,58.59190048870016
2023-08-04,27.583300431776824
2023-08-05,32.68490994927818
2023-08-06,42.28412891311169
2023-08-07,80.47920346434287
2023-08-08,71.56343266375217
2023-08-09,73.80739862208245
2023-08-10,51.03137254563684
2023-08-11,55.99983052155071
2023-08-12,79.92498965854625
2023-08-13,92.11025723473728
2023-08-14,33.22992471002381
2023-08-15,87.02553138360867
2023-08-16,71.58420732061606
2023-08-17,61.7997298596134
2023-08-18,37.05082621209159
2023-08-19,84.1666239678722
2023-08-20,30.29311794230346
2023-08-21,74.84635023575127
2023-08-22,98.16705444089033
2023-08-23,45.43797216603989
2023-08-24,92.14212072115104
2023-08-25,66.08798827901742
2023-08-26,89.02258590367735
2023-08-27,72.24717605042377
2023-08-28,83.69597175240818
2023-08-29,54.89704510375856
2023-08-30,97.89362351282016
2023-08-31,91.11128842960804
2023-09-01,69.81791793356783
2023-09-02,64.49055102012764
2023-09-03,85.40855711716355
2023-09-04,97.74018846952303
2023-09-05,27.87223901779547
2023-09-06,45.161748508423656
2023-09-07,77.54032906442367
2023-09-08,62.25788475916999
2023-09-09,46.48208881545128
2023-09-10,61.30947182026313
2023-09-11,62.72890862881954
2023-09-12,94.87265552784864
2023-09-13,75.31005707686558
2023-09-14,63.23090088184389
2023-09-15,69.35194674819803
2023-09-16,48.95461233978175
2023-09-17,81.7413705109362
2023-09-18,31.049659798571
2023-09-19,61.75517371315713
2023-09-20,60.0495128624191
2023-09-21,93.29781183993694
2023-09-22,29.214296833795075
2023-09-23,77.5880296456658
2023-09-24,90.11073319202418
2023-09-25,47.69148618559662
2023-09-26,70.29085666950978
2023-09-27,44.52279709144133
2023-09-28,92.3364123213006
2023-09-29,63.03017108821954
2023-09-30,86.20463896518669
2023-10-01,44.675091083680215
2023-10-02,38.13659635377624
2023-10-03,98.6497650091422
2023-10-04,50.3942924397453
2023-10-05,44.06347799218783
2023-10-06,74.89015811614081
2023-10-07,69.51517564490702
2023-10-08,29.49431738164409
2023-10-09,82.18613568518023
2023-10-10,52.32694241443239
2023-10-11,82.4487674500298
2023-10-12,89.32155509262901
2023-10-13,41.32521827712107
2023-10-14,41.31350525498918
2023-10-15,36.34167125972931
2023-10-16,70.2005376445224
2023-10-17,59.92688607159901
2023-10-18,44.51885267418672
2023-10-19,95.0575697402497
2023-10-20,84.51610039660724
2023-10-21,46.31655699473723
2023-10-22,27.00318784320468
2023-10-23,63.26811382558217
2023-10-24,95.70793116153466
2023-10-25,34.99842670943848
2023-10-26,91.60874583327818
2023-10-27,84.31359235471004
2023-10-28,51.33003895945184
2023-10-29,65.27313075318237
2023-10-30,33.52009372358179
2023-10-31,42.81500897107016
2023-11-01,76.05612854717783
2023-11-02,56.54268668445832
2023-11-03,61.39786751697567
2023-11-04,57.77473887916812
2023-11-05,86.10397522776772
2023-11-06,50.15835325497562
2023-11-07,67.92389815115732
2023-11-08,73.83335842672902
2023-11-09,39.49881101505691
2023-11-10,76.86779244842276
2023-11-11,41.65322094573165
2023-11-12,71.68824852248676
2023-11-13,49.60783978219892
2023-11-14,31.57134730833753
2023-11-15,94.388888365077
2023-11-16,95.25311741600036
2023-11-17,47.48113343088214
2023-11-18,28.96706872640012
2023-11-19,86.48030675155677
2023-11-20,64.22373679341891
2023-11-21,39.43055166576959
2023-11-22,93.42145554939704
2023-11-23,66.82878839484869
2023-11-24,84.10196414458463
2023-11-25,37.54581176187275
2023-11-26,25.25271485894455
2023-11-27,71.1998237259237
2023-11-28,50.94248532000425
2023-11-29,59.98109396759301
2023-11-30,34.8384604349481
2023-12-01,66.67560992332523
2023-12-02,54.01616935879244
2023-12-03,66.37687358924563
2023-12-04,44.823433950044205
2023-12-05,91.1051393288964
2023-12-06,55.85899400041298
2023-12-07,37.46183892902178
2023-12-08,63.21377620802455
2023-12-09,91.50897651081536
2023-12-10,39.686794423809566
2023-12-11,86.7272837674198
2023-12-12,76.07477038017251
2023-12-13,81.6927250232537
2023-12-14,33.21211223264036
2023-12-15,96.46783321265276
2023-12-16,73.0138338097561
2023-12-17,37.10835355241517
2023-12-18,55.30069921662586
2023-12-19,69.79303307540803
2023-12-20,70.58061599504641
2023-12-21,46.57581916620797
2023-12-22,58.95664752975618
2023-12-23,64.54161079436926
2023-12-24,52.33575197221912
2023-12-25,82.568323523567
2023-12-26,83.79896512628912
2023-12-27,80.02487362837003
2023-12-28,26.378721291347944
2023-12-29,36.92866003448052
2023-12-30,64.58214896334692
2023-12-31,47.83924857681785
2024-01-01,78.26071723668993
2024-01-02,73.76961891348364
2024-01-03,85.12719575752564
2024-01-04,38.54199921025162
2024-01-05,67.31558110572942
2024-01-06,90.6112508722834
2024-01-07,44.13204541362215
2024-01-08,36.13401123117471
2024-01-09,54.36267314720031
2024-01-10,60.76496835804018
2024-01-11,44.83043778622408
2024-01-12,66.61551884904327
2024-01-13,95.54033239905026
2024-01-14,41.85855384281648
2024-01-15,94.07025360886264
2024-01-16,75.47286862892351
2024-01-17,32.98260079103189
2024-01-18,50.48428607880096
2024-01-19,58.093797363979085
2024-01-20,59.77236052476371
2024-01-21,88.9303757320607
2024-01-22,96.85303386010372
2024-01-23,69.5502719765575
2024-01-24,29.04478075064886
2024-01-25,75.6701222449291
2024-01-26,58.62753794627896
2024-01-27,50.57700906702594
2024-01-28,27.78275179914115
2024-01-29,54.133421149840174
2024-01-30,84.64925984333192
2024-01-31,35.54601050383691
2024-02-01,46.50226057766352
2024-02-02,46.74278578128051
2024-02-03,53.35600017451056
2024-02-04,39.20249151344704
2024-02-05,97.07971813835871
2024-02-06,77.26435508065387
2024-02-07,28.855200655540017
2024-02-08,92.82471905967468
2024-02-09,27.71599097937351
2024-02-10,87.61790039175938
2024-02-11,41.34034748444344
2024-02-12,34.22437464242247
2024-02-13,47.613823097782536
2024-02-14,31.318472806205968
2024-02-15,42.18445871687997
2024-02-16,74.35460295359456
2024-02-17,31.27080472059923
2024-02-18,34.73166923148172
2024-02-19,82.18672791694034
2024-02-20,66.2876672169377
2024-02-21,67.84114288665722
2024-02-22,94.42479586956534
2024-02-23,80.85946589448801
2024-02-24,71.18188110989212
2024-02-25,33.552032489171225
2024-02-26,41.00046646069477
2024-02-27,51.23510599117031
2024-02-28,90.79762027242158
2024-02-29,62.232523708352254
2024-03-01,52.57190702446074
2024-03-02,35.661884163837115
2024-03-03,70.36640862589104
2024-03-04,81.77894591565959
2024-03-05,94.5555853425532
2024-03-06,87.37886309196237
2024-03-07,60.47673134818085
2024-03-08,88.50210820853121
2024-03-09,93.09472159322576
2024-03-10,59.75798288935973
2024-03-11,45.718668214035816
2024-03-12,28.41284427863655
2024-03-13,29.45218994015388
2024-03-14,30.567031935922547
2024-03-15,50.359183432405246
2024-03-16,62.54116579873132
2024-03-17,77.58449051672227
2024-03-18,84.27639363903873
2024-03-19,49.81124551819477
2024-03-20,70.51940572524762
2024-03-21,53.70741094658433
2024-03-22,57.587380967175385
2024-03-23,79.47362179708465
2024-03-24,77.9519451282143
2024-03-25,92.05443049598011
2024-03-26,49.91522092024609
2024-03-27,81.60788503278569
2024-03-28,47.68174906717431
2024-03-29,51.28332344127185
2024-03-30,35.94315719524629
2024-03-31,70.80059261729602
2024-04-01,83.72589049640422
2024-04-02,73.75731834624901
2024-04-03,82.52855365259359
2024-04-04,68.7804850536173
2024-04-05,45.15004319165024
2024-04-06,29.81999268505477
2024-04-07,65.75616913866119
2024-04-08,61.56288295121238
2024-04-09,66.47806494968103
2024-04-10,68.93341956526768
2024-04-11,76.24841480485959
2024-04-12,58.7417618467898
2024-04-13,89.0667183826176
2024-04-14,56.004702145823785
2024-04-15,40.5760374631072
2024-04-16,50.42125246339583
2024-04-17,27.246599274300017
2024-04-18,37.163925916102535
2024-04-19,67.63956276092796
2024-04-20,31.839952928139542
2024-04-21,41.13609408890447
2024-04-22,54.63418522198165
2024-04-23,94.01719727995072
2024-04-24,98.60106906708018
2024-04-25,46.0465263134472
2024-04-26,71.03352603955139
2024-04-27,90.44115428865162
2024-04-28,92.75216947437868
2024-04-29,86.6282568391324
2024-04-30,72.29185860974357
2024-05-01,55.62103986540438
2024-05-02,99.8813408678454
2024-05-03,88.58061841757245
2024-05-04,40.85472882438538
2024-05-05,71.1887259522813
2024-05-06,92.0564867059344
2024-05-07,26.979746559814043
2024-05-08,84.84622059944303
2024-05-09,84.49001747337466
2024-05-10,92.47501737948129
2024-05-11,68.2793221042019
2024-05-12,73.06449369571502
2024-05-13,42.54497837126196
2024-05-14,71.52019324157769
2024-05-15,30.454126620987413
2024-05-16,47.33997307494029
2024-05-17,42.183666685727424
2024-05-18,46.74788985804032
2024-05-19,63.56569259457738
2024-05-20,63.64474968604205
2024-05-21,41.36685687018687
2024-05-22,61.99383526434581
2024-05-23,74.03082669673944
2024-05-24,53.40920704846563
2024-05-25,56.200776875131055
2024-05-26,33.26194136563932
2024-05-27,97.08141848558355
2024-05-28,29.19179125948134
2024-05-29,98.76100293575068
2024-05-30,53.99422259190071
2024-05-31,46.59457914974713
2024-06-01,30.91769412064425
2024-06-02,97.767925636144
2024-06-03,97.37283448391842
2024-06-04,42.8796902714642
2024-06-05,27.188927783888488
2024-06-06,92.21691804096504
2024-06-07,29.110659805918573
2024-06-08,45.57309505068507
2024-06-09,79.44120393154583
2024-06-10,86.88384980900506
2024-06-11,40.02724029415931
2024-06-12,61.38233059078187
2024-06-13,26.43402981808132
2024-06-14,43.92913722674098
2024-06-15,31.916263217420383
2024-06-16,78.85714870290332
2024-06-17,37.20048080825683
2024-06-18,29.226658719262225
2024-06-19,61.13233510805329
2024-06-20,36.9536684514792
2024-06-21,32.67122248862905
2024-06-22,30.186305452682383
2024-06-23,41.63591942855676
2024-06-24,50.068918680463554
2024-06-25,76.35283801237338
2024-06-26,50.682011369903066
2024-06-27,79.604442154577
2024-06-28,51.0901138061308
2024-06-29,42.10985000681761
2024-06-30,70.73751905338176
2024-07-01,66.57447583120734
2024-07-02,61.96814457247638
2024-07-03,91.87511571094478
2024-07-04,49.987513634984936
2024-07-05,87.92406494490083
2024-07-06,99.35706156398253
2024-07-07,74.85533247312291
2024-07-08,49.94212254179492
2024-07-09,27.830551151697065
2024-07-10,86.1029410468659
2024-07-11,37.62805575348605
2024-07-12,36.29056631599242
2024-07-13,51.6260915594164
2024-07-14,75.91658582696007
2024-07-15,63.18210174018655
2024-07-16,51.1007554547556
2024-07-17,81.34192822989253
2024-07-18,25.86381972291095
2024-07-19,29.54675363915657
2024-07-20,37.88927819330991
2024-07-21,59.1272441898295
2024-07-22,94.50894786527488
2024-07-23,58.38292961850079
2024-07-24,84.14072109426141
2024-07-25,93.70132444308484
2024-07-26,82.76821076607561
2024-07-27,79.71826998568005
2024-07-28,40.24790401924747
2024-07-29,37.17947238869651
2024-07-30,93.74112970481656
2024-07-31,27.11431754898669
2024-08-01,69.48515527038212
2024-08-02,58.67847014875905
2024-08-03,63.69385658942315
2024-08-04,50.18861994124492
2024-08-05,87.27487149527674
2024-08-06,71.76071576721236
2024-08-07,27.600402148408136
2024-08-08,41.8020448086057
2024-08-09,26.42363555867164
2024-08-10,62.65489840358181
2024-08-11,71.31142381084285
2024-08-12,75.36519595848915
2024-08-13,88.75885787089815
2024-08-14,29.950000004114912
2024-08-15,65.41503241356679
2024-08-16,94.59145036360772
2024-08-17,78.6235943596146
2024-08-18,63.17704966141709
2024-08-19,51.53357080622762
2024-08-20,92.2321493359285
2024-08-21,28.908287070066464
2024-08-22,57.39669550713286
2024-08-23,67.61836307801173
2024-08-24,86.42120780046254
2024-08-25,78.79623576788842
2024-08-26,81.873309045045
2024-08-27,80.08378752892685
2024-08-28,78.58271513012397
2024-08-29,88.94365720406549
2024-08-30,54.396347892043934
2024-08-31,99.76741165377103
2024-09-01,77.9219904194521
2024-09-02,41.474050398501646
2024-09-03,74.07450539046884
2024-09-04,93.19140234067936
2024-09-05,28.032506204905296
2024-09-06,47.86272035857913
2024-09-07,29.87160943555485
2024-09-08,96.01417018429753
2024-09-09,94.89960026757493
2024-09-10,48.18132066722872
2024-09-11,75.96450725927369
2024-09-12,78.8825700513988
2024-09-13,39.99767241674687
2024-09-14,94.95755862357088
2024-09-15,26.021586291098338
2024-09-16,53.8438885676424
2024-09-17,69.9370103354305
2024-09-18,94.33803782772708
2024-09-19,59.566726317088445
2024-09-20,46.75732142027803
2024-09-21,78.36344293952314
2024-09-22,41.99717205440079
2024-09-23,99.84664615314824
2024-09-24,37.04421820285016
2024-09-25,69.45768827889054
2024-09-26,71.20148618481664
2024-09-27,65.81273871689763
2024-09-28,39.97756567687135
2024-09-29,36.27818982361463
2024-09-30,28.95846254790717
2024-10-01,90.3625946615017
2024-10-02,82.59592151299321
2024-10-03,49.92955257955944
2024-10-04,86.73527919793948
2024-10-05,66.07577927342797
2024-10-06,35.05396441833312
2024-10-07,81.95750606185165
2024-10-08,71.47193170384458
2024-10-09,64.10505196682792
2024-10-10,70.49288913772457
2024-10-11,92.01034352768512
2024-10-12,26.767222005968662
2024-10-13,25.63644139831935
2024-10-14,45.77839952856391
2024-10-15,66.07035124784245
2024-10-16,36.8071167271585
2024-10-17,40.89830438390922
2024-10-18,41.47650724925538
2024-10-19,94.529091331186
2024-10-20,64.83382486955536
2024-10-21,87.85642758371381
2024-10-22,71.41805651835799
2024-10-23,28.68701008298467
2024-10-24,55.26656912748353
2024-10-25,96.5658602069296
2024-10-26,33.4566616640749
2024-10-27,65.24719501095306
2024-10-28,30.66036621023025
2024-10-29,33.2081548581691
2024-10-30,68.14128782767521
2024-10-31,61.98978367612485
2024-11-01,60.8889883938084
2024-11-02,89.4087241652564
2024-11-03,29.613484789576635
2024-11-04,69.10522350299502
2024-11-05,55.30093058912652
2024-11-06,26.08356430092827
2024-11-07,38.40978607431239
2024-11-08,85.3136123727269
2024-11-09,86.91059518489295
2024-11-10,98.7702539501767
2024-11-11,74.5159264184171
2024-11-12,95.27483427422624
2024-11-13,83.89814181335001
2024-11-14,31.705260276849685
2024-11-15,36.26153966007119
2024-11-16,58.80795551514745
2024-11-17,58.29524563966067
2024-11-18,83.85794478146482
2024-11-19,36.928381729537726
2024-11-20,87.60354792734168
2024-11-21,76.51946770060259
2024-11-22,40.69176015790715
2024-11-23,55.28617356500232
2024-11-24,91.16242429735324
2024-11-25,74.24617030897265
2024-11-26,35.719036944674365
2024-11-27,55.20113232379301
2024-11-28,85.15135000210947
2024-11-29,70.84742471468849
2024-11-30,27.3764101592796
2024-12-01,47.88057845165923
2024-12-02,60.99566647115707
2024-12-03,31.8128737233601
2024-12-04,94.1129995868058
2024-12-05,94.10531630822408
2024-12-06,40.80924063548692
2024-12-07,51.64145542544505
2024-12-08,98.61508042383228
2024-12-09,94.51544577083308
2024-12-10,60.957952175836034
2024-12-11,97.50625554476842
2024-12-12,37.472152744969634
2024-12-13,80.7981970542263
2024-12-14,86.24881824534597
2024-12-15,73.31998815195094
2024-12-16,34.574294191123265
2024-12-17,96.07601327211854
2024-12-18,96.18607573968558
2024-12-19,57.796985507757725
2024-12-20,39.225441865642125
2024-12-21,93.86617830633791
2024-12-22,70.39645534572236
2024-12-23,81.33783463751936
2024-12-24,66.44165611899777
2024-12-25,50.489560764601336
2024-12-26,39.51135640150047
2024-12-27,47.43415677502775
2024-12-28,82.8659241858282
2024-12-29,97.78062782889523
2024-12-30,87.11914033491615
2024-12-31,69.65354652652063
2025-01-01,79.26411613147755
2025-01-02,73.3712084723953
2025-01-03,67.20864186406476
2025-01-04,33.31441303115219
2025-01-05,33.32363953564102
2025-01-06,82.23627399416961
2025-01-07,52.8538040871854
2025-01-08,77.27906468756692
2025-01-09,72.8915428502986
2025-01-10,32.36263170801547
2025-01-11,64.35331920648622
2025-01-12,26.69194110638449
2025-01-13,33.15736690519228
2025-01-14,85.34497360983836
2025-01-15,82.6199683667113
2025-01-16,81.34814034272264
2025-01-17,50.795796798994544
2025-01-18,31.9973738805636
2025-01-19,84.37508594252515
2025-01-20,65.63428228170656
